name,imageUrl,area,profileURL,colour,tags,isLoggedUser,positionName,positionSubName,id,parentId,extension,mobile,email
Angel Delight,https://a-simons.github.io/orgcharttest.github.io/CFO.png,FEG,,#482F3D,CFO,202001,Chief Fire Officer,Community Delivery,CFO001,,7001,07421 745635,adelight@northantsfire.gov.uk
Sonny Jimms,https://a-simons.github.io/orgcharttest.github.io/ACFO.png,FEG,,#482F3D,ACFO,200954,Assistant Chief Fire Officer,Service Development,ACFO01,CFO001,7123,07421 745635,sjimms@northantsfire.gov.uk
Rikki McCluckey,https://a-simons.github.io/orgcharttest.github.io/ACFO.png,FEG,,#482F3D,ACFO,201045,Assistant Chief Fire Officer,Community Risk,ACFO02,CFO001,7456,07421 745635,rmccluckey@northantsfire.gov.uk
Vinzent Value,https://a-simons.github.io/orgcharttest.github.io/AM.png,FEG,,#482F3D,AM,199901,Area Manager,Operational Support,AM009,ACFO01,7894,07421 745635,vvalue@northantsarea.gov.uk
Frida Froot,https://a-simons.github.io/orgcharttest.github.io/AM.png,FEG,,#482F3D,AM,201011,Area Manager,Business Services,AM010,ACFO01,7415,07421 745635,ffroot@northantsarea.gov.uk
Colin Candlemas,https://a-simons.github.io/orgcharttest.github.io/AM.png,CRG,,#482F3D,AM,200787,Area Manager,Service Delivery,AM005,ACFO02,7654,07421 745635,ccandlemas@northantsarea.gov.uk
Doo Hazel,https://a-simons.github.io/orgcharttest.github.io/FS.png,Protection,,#003d4c,SM1,200339,Head of Protection,-,331803043,ACFO02,,07421 745635,dhazel@northantsof.gov.uk
Bramble Patch,https://a-simons.github.io/orgcharttest.github.io/FS.png,Prevention,,#48a9a6,SM1,201449,"Prevention, Safeguarding and Partnerships Manager",-,331800017,ACFO02,,07421 745635,bpatch@northantspartnerships.gov.uk
Harvey Hoverbike,https://a-simons.github.io/orgcharttest.github.io/FS.png,FEG,,#be1622,L,199752,Executive Officer,-,331805746,CFO001,,07421 745635,hhoverbike@northantsexecutive.gov.uk
Kilo Meeter,https://a-simons.github.io/orgcharttest.github.io/FS.png,FEG,,#be1622,I,201111,Executive Assistant,-,331802895,331805746,,07421 745635,kmeeter@northantsexecutive.gov.uk
Gray Player,FS.png,Protection,,#003d4c,L,201774,Fire Protection Team Leader,-,331803044,331803043,,07421 745635,gplayer@northantsteam.gov.uk
EB Ritual,FS.png,Protection,,#003d4c,L,187401,Fire Protection Technical Manager,-,331803045,331803043,,07421 745635,ebritual@northantstechnical.gov.uk
Alan Zamboni,FS.png,Protection,,#003d4c,K,,Fire Protection Officer,-,331800522,331803044,,07421 745635,azamboni@northantsprotection.gov.uk
Beverly Yaxley,FS.png,Protection,,#003d4c,K,,Fire Protection Officer,-,331800527,331803044,,07421 745635,byaxley@northantsprotection.gov.uk
Curtis Xizor,FS.png,Protection,,#003d4c,K,,Fire Protection Officer,-,331801816,331803044,,07421 745635,cxizor@northantsprotection.gov.uk
Deirdre Wellington,FS.png,Protection,,#003d4c,K,,Fire Protection Officer,-,331800516,331803044,,07421 745635,dwellington@northantsprotection.gov.uk
Ephraim Valley,FS.png,Protection,,#003d4c,K,,Fire Protection Officer,-,331801908,331803044,,07421 745635,evalley@northantsprotection.gov.uk
Frederica Uttoxeter,FS.png,Protection,,#003d4c,K,,Fire Protection Officer,-,331800524,331803044,,07421 745635,futtoxeter@northantsprotection.gov.uk
Gavin Tumtums,FS.png,Protection,,#003d4c,K,,Fire Protection Officer,-,331801815,331803044,,07421 745635,gtumtums@northantsprotection.gov.uk
Hayleigh Splatt,FS.png,Protection,,#003d4c,K,,Fire Protection Officer,-,331800015,331803044,,07421 745635,hsplatt@northantsprotection.gov.uk
India Routledge,FS.png,Protection,,#003d4c,F,,Fire Protection Administrator,-,331800097,331803044,,07421 745635,iroutledge@northantsprotection.gov.uk
Jane Pounder,FS.png,Protection,,#003d4c,I,,Fire Protection Technical Support Officer,-,331803046,331803045,,07421 745635,jpounder@northantssupport.gov.uk
Mildred Mars,FS.png,Prevention,,#48A9A6,K,,Prevention Team Leader,-,331800288,331800017,,07421 745635,mmars@northantsteam.gov.uk
Reno Radlett,FS.png,Prevention,,#48A9A6,K,,Prevention Team Leader,-,331800529,331800017,,07421 745635,rradlett@northantsteam.gov.uk
Carson Rask-Forse,FS.png,Prevention,,#48A9A6,K,,Arson Reduction Co-ordinator,-,331800525,331800017,,07421 745635,cforse@northantsco.gov.uk
Mango Muttley,FS.png,Prevention,,#48A9A6,I,,Community Safety Officer,-,331800802,331800288,,07421 745635,mmuttley@northantssafety.gov.uk
Myles Millstone,FS.png,Prevention,,#48A9A6,I,,Community Safety Officer,-,331800801,331800288,,07421 745635,mmillstone@northantssafety.gov.uk
Maisie Masterson,FS.png,Prevention,,#48A9A6,WM,,Youth Engagement Officer,-,WMWT044,331800288,,07421 745635,mmasterson@northantsengagement.gov.uk
Maurice Milk,FS.png,Prevention,,#48A9A6,J,,Youth Engagement Officer,-,331800095,331800288,,07421 745635,mmilk@northantsengagement.gov.uk
Maura Meowmeow,FS.png,Prevention,,#48A9A6,I,,Youth Engagement Support Officer,-,331800016,331800288,,07421 745635,mmeowmeow@northantssupport.gov.uk
Rhonda Rampage,FS.png,Prevention,,#48A9A6,I,,Complex Case Officer,-,331800033,331800529,,07421 745635,rrampage@northantscase.gov.uk
Richard Raleigh,FS.png,Prevention,,#48A9A6,I,,Complex Case Officer,-,331800105,331800529,,07421 745635,rraleigh@northantscase.gov.uk
Relizabeth Rangle,FS.png,Prevention,,#48A9A6,J,,Home Safety Supervisor,-,331800526,331800529,,07421 745635,rrangle@northantssafety.gov.uk
Rod Riplash,FS.png,Prevention,,#48A9A6,H,,Home Fire Safety Advisor,-,331800518,331800526,,07421 745635,rriplash@northantssafety.gov.uk
Reba Root,FS.png,Prevention,,#48A9A6,H,,Home Fire Safety Advisor,-,331800025,331800526,,07421 745635,rroot@northantssafety.gov.uk
Roderick Rathbone,FS.png,Prevention,,#48A9A6,H,,Home Fire Safety Advisor,-,331800030,331800526,,07421 745635,rrathbone@northantssafety.gov.uk
Ringo Rowntree,FS.png,Prevention,,#48A9A6,H,,Home Fire Safety Advisor,-,331800026,331800526,,07421 745635,rrowntree@northantssafety.gov.uk
Rollo Romain,FS.png,Prevention,,#48A9A6,H,,Home Fire Safety Advisor,-,331800107,331800526,,07421 745635,rromain@northantssafety.gov.uk
Rito Riot,FS.png,Prevention,,#48A9A6,H,,Home Fire Safety Advisor,-,331805720,331800526,,07421 745635,rriot@northantssafety.gov.uk
Romeo Rathers,FS.png,Prevention,,#48A9A6,H,,Home Fire Safety Advisor,-,331800023,331800526,,07421 745635,rrathers@northantssafety.gov.uk
Rillette Racer,FS.png,Prevention,,#48A9A6,H,,Home Fire Safety Advisor,-,331800108,331800526,,07421 745635,rracer@northantssafety.gov.uk
Romy Reward,FS.png,Prevention,,#48A9A6,H,,Home Safety Co-ordinator,-,331800032,331800526,,07421 745635,rreward@northantsco.gov.uk
Gloria Titchmarsh,GM.png,CRG,,#482F3D,GM,,CRG Manager Cluster A,,GMB002,AM005,,07421 745635,gtitchmarsh@northantscluster.gov.uk
Dani Leader,GM.png,CRG,,#482F3D,GM,,CRG Manager Cluster B,,GMB001,AM005,,07421 745635,dleader@northantscluster.gov.uk
Glenn Benn,GM.png,CRG,,#482F3D,GM,,CRG Manager Cluster C,,GMB010,AM005,,07421 745635,gbenn@northantscluster.gov.uk
Kris Ford,SM.png,CRG,,#ECA72C,SM B,,SM The Mounts,,SM001,GMB002,,07421 745635,kford@northantsthe.gov.uk
Bob Loddy,SM.png,CRG,,#ECA72C,SM B,,SM Moulton,,SM014,GMB002,,07421 745635,bloddy@northantssm.gov.uk
Hiram Irish,SM.png,CRG,,#ECA72C,SM B,,SM Mereway,,SM015,GMB002,,07421 745635,hirish@northantssm.gov.uk
Nigel Wolff,SM.png,CRG,,#ECA72C,SM,,SM Fire Control,,SMCON002,GMB002,,07421 745635,nwolff@northantsfire.gov.uk
Margaret Majesteria,SM.png,CRG,,#ECA72C,SM B,,SM Kettering,,SM003,GMB001,,07421 745635,mmajesteria@northantssm.gov.uk
Mona Snake,SM.png,CRG,,#ECA72C,SM B,,SM Corby,,SM002,GMB001,,07421 745635,msnake@northantssm.gov.uk
Linda Mildew,SM.png,CRG,,#ECA72C,SM D,,SM Wellingborough,,SM012,GMB001,,07421 745635,lmildew@northantssm.gov.uk
Bicycles Monday,SM.png,CRG,,#ECA72C,SM D,,SM Daventry,,SM018,GMB010,,07421 745635,bmonday@northantssm.gov.uk
Greg Loser,SM.png,CRG,,#ECA72C,SM B,,SM Rushden,,SM017,GMB010,,07421 745635,gloser@northantssm.gov.uk
Tiny Rinser,SM.png,CRG,,#ECA72C,SM D,,SM FF Development Programme Manager,,SM027,GMB010,,07421 745635,trinser@northantsprogramme.gov.uk
Ace Blasto,SM.png,CRG,,#ECA72C,SM D,,SM RMC & Recruitment,,SM028,GMB010,,07421 745635,ablasto@northants&.gov.uk
